a,b,c,d,primitive,family
3,4,5,6,1,"A:(3,4,5,6)-multiple"
1,6,8,9,1,sporadic
6,8,10,12,0,"A:(3,4,5,6)-multiple"
2,12,16,18,0,sporadic
9,12,15,18,0,"A:(3,4,5,6)-multiple"
3,10,18,19,1,sporadic
7,14,17,20,1,"B:Ramanujan(m,n)"
12,16,20,24,0,"A:(3,4,5,6)-multiple"
4,17,22,25,1,sporadic
3,18,24,27,0,sporadic
18,19,21,28,1,"B:Ramanujan(m,n)"
11,15,27,29,1,sporadic
15,20,25,30,0,"A:(3,4,5,6)-multiple"
4,24,32,36,0,sporadic
18,24,30,36,0,"A:(3,4,5,6)-multiple"
6,20,36,38,0,sporadic
14,28,34,40,0,"B:Ramanujan(m,n)"
2,17,40,41,1,sporadic
6,32,33,41,1,sporadic
21,28,35,42,0,"A:(3,4,5,6)-multiple"
16,23,41,44,1,sporadic
5,30,40,45,0,sporadic
3,36,37,46,1,"B:Ramanujan(m,n)"
27,30,37,46,1,"B:Ramanujan(m,n)"
24,32,40,48,0,"A:(3,4,5,6)-multiple"
8,34,44,50,0,sporadic
29,34,44,53,1,sporadic
6,36,48,54,0,sporadic
12,19,53,54,1,sporadic
27,36,45,54,0,"A:(3,4,5,6)-multiple"
36,38,42,56,0,"B:Ramanujan(m,n)"
9,30,54,57,0,sporadic
15,42,49,58,1,"B:Ramanujan(m,n)"
22,30,54,58,0,sporadic
21,42,51,60,0,"B:Ramanujan(m,n)"
30,40,50,60,0,"A:(3,4,5,6)-multiple"
7,42,56,63,0,sporadic
33,44,55,66,0,"A:(3,4,5,6)-multiple"
22,51,54,67,1,sporadic
36,38,61,69,1,sporadic
7,54,57,70,1,"B:Ramanujan(m,n)"
14,23,70,71,1,sporadic
8,48,64,72,0,sporadic
34,39,65,72,1,sporadic
36,48,60,72,0,"A:(3,4,5,6)-multiple"
12,51,66,75,0,sporadic
38,43,66,75,1,sporadic
12,40,72,76,0,sporadic
31,33,72,76,1,sporadic
39,52,65,78,0,"A:(3,4,5,6)-multiple"
28,56,68,80,0,"B:Ramanujan(m,n)"
9,54,72,81,0,sporadic
25,48,74,81,1,sporadic
4,34,80,82,0,sporadic
12,64,66,82,0,sporadic
19,60,69,82,1,"B:Ramanujan(m,n)"
28,53,75,84,1,sporadic
42,56,70,84,0,"A:(3,4,5,6)-multiple"
54,57,63,84,0,"B:Ramanujan(m,n)"
50,61,64,85,1,sporadic
20,54,79,87,1,sporadic
26,55,78,87,1,sporadic
33,45,81,87,0,sporadic
38,48,79,87,1,sporadic
21,43,84,88,1,sporadic
25,31,86,88,1,sporadic
32,46,82,88,0,sporadic
17,40,86,89,1,sporadic
10,60,80,90,0,sporadic
25,38,87,90,1,sporadic
45,60,75,90,0,"A:(3,4,5,6)-multiple"
58,59,69,90,1,"B:Ramanujan(m,n)"
6,72,74,92,0,"B:Ramanujan(m,n)"
54,60,74,92,0,"B:Ramanujan(m,n)"
32,54,85,93,1,sporadic
15,50,90,95,0,sporadic
19,53,90,96,1,sporadic
48,64,80,96,0,"A:(3,4,5,6)-multiple"
45,69,79,97,1,sporadic
11,66,88,99,0,sporadic
16,68,88,100,0,sporadic
35,70,85,100,0,"B:Ramanujan(m,n)"
51,68,85,102,0,"A:(3,4,5,6)-multiple"
12,31,102,103,1,sporadic
33,70,92,105,1,sporadic
58,68,88,106,0,sporadic
12,72,96,108,0,sporadic
13,51,104,108,1,sporadic
15,82,89,108,1,"B:Ramanujan(m,n)"
24,38,106,108,0,sporadic
54,72,90,108,0,"A:(3,4,5,6)-multiple"
29,75,96,110,1,sporadic
16,47,108,111,1,sporadic
72,76,84,112,0,"B:Ramanujan(m,n)"
50,74,97,113,1,sporadic
18,60,108,114,0,sporadic
57,76,95,114,0,"A:(3,4,5,6)-multiple"
3,34,114,115,1,sporadic
23,86,97,116,1,"B:Ramanujan(m,n)"
30,84,98,116,0,"B:Ramanujan(m,n)"
44,60,108,116,0,sporadic
13,78,104,117,0,sporadic
9,55,116,120,1,sporadic
42,84,102,120,0,"B:Ramanujan(m,n)"
60,80,100,120,0,"A:(3,4,5,6)-multiple"
49,84,102,121,1,sporadic
19,92,101,122,1,"B:Ramanujan(m,n)"
6,51,120,123,0,sporadic
18,96,99,123,0,sporadic
44,51,118,123,1,sporadic
20,85,110,125,0,sporadic
14,84,112,126,0,sporadic
23,94,105,126,1,"B:Ramanujan(m,n)"
63,84,105,126,0,"A:(3,4,5,6)-multiple"
13,65,121,127,1,sporadic
38,57,124,129,1,sporadic
5,76,123,132,1,sporadic
48,69,123,132,0,sporadic
66,88,110,132,0,"A:(3,4,5,6)-multiple"
21,70,126,133,0,sporadic
44,102,108,134,0,sporadic
86,95,97,134,1,"B:Ramanujan(m,n)"
15,90,120,135,0,sporadic
44,73,128,137,1,sporadic
9,108,111,138,0,"B:Ramanujan(m,n)"
69,92,115,138,0,"A:(3,4,5,6)-multiple"
72,76,122,138,0,sporadic
81,90,111,138,0,"B:Ramanujan(m,n)"
94,96,99,139,1,sporadic
14,108,114,140,0,"B:Ramanujan(m,n)"
49,98,119,140,0,"B:Ramanujan(m,n)"
90,95,105,140,0,"B:Ramanujan(m,n)"
72,85,122,141,1,sporadic
28,46,140,142,0,sporadic
31,64,137,142,1,sporadic
1,71,138,144,1,sporadic
16,96,128,144,0,sporadic
68,78,130,144,0,sporadic
72,96,120,144,0,"A:(3,4,5,6)-multiple"
12,81,136,145,1,sporadic
55,75,135,145,0,sporadic
22,75,140,147,1,sporadic
24,102,132,150,0,sporadic
71,73,138,150,1,sporadic
75,100,125,150,0,"A:(3,4,5,6)-multiple"
76,86,132,150,0,sporadic
46,47,148,151,1,sporadic
24,80,144,152,0,sporadic
62,66,144,152,0,sporadic
17,102,136,153,0,sporadic
65,87,142,156,1,sporadic
78,104,130,156,0,"A:(3,4,5,6)-multiple"
3,121,131,159,1,sporadic
87,102,132,159,0,sporadic
56,112,136,160,0,"B:Ramanujan(m,n)"
69,123,124,160,1,sporadic
18,108,144,162,0,sporadic
36,57,159,162,0,sporadic
50,96,148,162,0,sporadic
59,93,148,162,1,sporadic
81,108,135,162,0,"A:(3,4,5,6)-multiple"
8,68,160,164,0,sporadic
24,128,132,164,0,sporadic
38,120,138,164,0,"B:Ramanujan(m,n)"
69,99,146,164,1,sporadic
12,86,159,167,1,sporadic
56,106,150,168,0,sporadic
84,112,140,168,0,"A:(3,4,5,6)-multiple"
108,114,126,168,0,"B:Ramanujan(m,n)"
96,107,141,170,1,sporadic
100,122,128,170,0,sporadic
19,114,152,171,0,sporadic
27,90,162,171,0,sporadic
54,80,163,171,1,sporadic
107,108,136,171,1,sporadic
1,135,138,172,1,"B:Ramanujan(m,n)"
40,108,158,174,0,sporadic
45,126,147,174,0,"B:Ramanujan(m,n)"
47,97,162,174,1,sporadic
52,110,156,174,0,sporadic
66,90,162,174,0,sporadic
76,96,158,174,0,sporadic
87,116,145,174,0,"A:(3,4,5,6)-multiple"
28,119,154,175,0,sporadic
25,92,167,176,1,sporadic
42,86,168,176,0,sporadic
50,62,172,176,0,sporadic
64,92,164,176,0,sporadic
48,137,142,177,1,sporadic
34,80,172,178,0,sporadic
48,133,147,178,1,sporadic
17,57,177,179,1,sporadic
20,120,160,180,0,sporadic
50,76,174,180,0,sporadic
63,126,153,180,0,"B:Ramanujan(m,n)"
90,120,150,180,0,"A:(3,4,5,6)-multiple"
116,118,138,180,0,"B:Ramanujan(m,n)"
108,109,150,181,1,sporadic
12,144,148,184,0,"B:Ramanujan(m,n)"
108,120,148,184,0,"B:Ramanujan(m,n)"
57,68,180,185,1,sporadic
68,113,166,185,1,sporadic
18,121,167,186,1,sporadic
64,108,170,186,0,sporadic
93,124,155,186,0,"A:(3,4,5,6)-multiple"
58,131,160,187,1,sporadic
115,122,149,188,1,"B:Ramanujan(m,n)"
21,46,188,189,1,sporadic
21,126,168,189,0,sporadic
30,100,180,190,0,sporadic
56,133,163,190,1,sporadic
39,146,156,191,1,sporadic
34,123,173,192,1,sporadic
38,106,180,192,0,sporadic
96,128,160,192,0,"A:(3,4,5,6)-multiple"
25,68,190,193,1,sporadic
90,138,158,194,0,sporadic
126,133,147,196,0,"B:Ramanujan(m,n)"
53,58,194,197,1,sporadic
22,132,176,198,0,sporadic
27,46,197,198,1,sporadic
73,135,170,198,1,sporadic
99,132,165,198,0,"A:(3,4,5,6)-multiple"
6,127,180,199,1,sporadic
32,136,176,200,0,sporadic
70,140,170,200,0,"B:Ramanujan(m,n)"
45,53,199,201,1,sporadic
66,153,162,201,0,sporadic
76,141,171,202,1,sporadic
85,138,171,202,1,"B:Ramanujan(m,n)"
77,105,189,203,0,sporadic
81,147,167,203,1,sporadic
102,136,170,204,0,"A:(3,4,5,6)-multiple"
10,85,200,205,0,sporadic
30,160,165,205,0,sporadic
108,142,165,205,1,sporadic
5,163,164,206,1,"B:Ramanujan(m,n)"
24,62,204,206,0,sporadic
35,77,202,206,1,sporadic
23,138,184,207,0,sporadic
108,114,183,207,0,sporadic
33,110,198,209,0,sporadic
57,146,180,209,1,sporadic
113,146,166,209,1,sporadic
21,162,171,210,0,"B:Ramanujan(m,n)"
42,83,205,210,1,sporadic
66,140,184,210,0,sporadic
105,140,175,210,0,"A:(3,4,5,6)-multiple"
116,136,176,212,0,sporadic
42,69,210,213,0,sporadic
56,61,210,213,1,sporadic
16,51,213,214,1,sporadic
58,157,179,214,1,sporadic
24,144,192,216,0,sporadic
26,102,208,216,0,sporadic
30,164,178,216,0,"B:Ramanujan(m,n)"
48,76,212,216,0,sporadic
102,117,195,216,0,sporadic
108,144,180,216,0,"A:(3,4,5,6)-multiple"
46,126,201,217,1,sporadic
93,155,180,218,1,sporadic
140,151,161,218,1,"B:Ramanujan(m,n)"
50,67,216,219,1,sporadic
51,152,190,219,1,sporadic
67,167,177,219,1,sporadic
108,163,170,219,1,sporadic
58,150,192,220,0,sporadic
77,154,187,220,0,"B:Ramanujan(m,n)"
80,115,205,220,0,sporadic
32,94,216,222,0,sporadic
111,148,185,222,0,"A:(3,4,5,6)-multiple"
144,152,168,224,0,"B:Ramanujan(m,n)"
25,150,200,225,0,sporadic
31,95,219,225,1,sporadic
36,153,198,225,0,sporadic
114,129,198,225,0,sporadic
100,148,194,226,0,sporadic
18,167,193,228,1,sporadic
36,120,216,228,0,sporadic
93,99,216,228,0,sporadic
114,152,190,228,0,"A:(3,4,5,6)-multiple"
76,165,192,229,1,sporadic
102,157,192,229,1,sporadic
6,68,228,230,0,sporadic
15,180,185,230,0,"B:Ramanujan(m,n)"
135,150,185,230,0,"B:Ramanujan(m,n)"
56,102,223,231,1,sporadic
98,136,207,231,1,sporadic
103,140,204,231,1,sporadic
46,172,194,232,0,"B:Ramanujan(m,n)"
60,168,196,232,0,"B:Ramanujan(m,n)"
85,107,220,232,1,sporadic
88,120,216,232,0,sporadic
26,156,208,234,0,sporadic
117,156,195,234,0,"A:(3,4,5,6)-multiple"
123,125,208,234,1,sporadic
54,163,204,235,1,sporadic
78,172,195,235,1,sporadic
96,163,198,235,1,sporadic
147,157,186,238,1,sporadic
15,114,230,239,1,sporadic
23,178,200,239,1,sporadic
18,110,232,240,0,sporadic
84,168,204,240,0,"B:Ramanujan(m,n)"
120,160,200,240,0,"A:(3,4,5,6)-multiple"
113,124,220,241,1,sporadic
98,168,204,242,0,sporadic
27,162,216,243,0,sporadic
75,144,222,243,0,sporadic
38,184,202,244,0,"B:Ramanujan(m,n)"
73,174,207,244,1,"B:Ramanujan(m,n)"
12,102,240,246,0,sporadic
36,192,198,246,0,sporadic
57,180,207,246,0,"B:Ramanujan(m,n)"
88,102,236,246,0,sporadic
113,166,207,246,1,"B:Ramanujan(m,n)"
123,164,205,246,0,"A:(3,4,5,6)-multiple"
39,130,234,247,0,sporadic
4,57,248,249,1,sporadic
40,170,220,250,0,sporadic
6,179,216,251,1,sporadic
28,168,224,252,0,sporadic
46,188,210,252,0,"B:Ramanujan(m,n)"
84,159,225,252,0,sporadic
126,168,210,252,0,"A:(3,4,5,6)-multiple"
162,171,189,252,0,"B:Ramanujan(m,n)"
26,130,242,254,0,sporadic
163,164,197,254,1,"B:Ramanujan(m,n)"
150,183,192,255,0,sporadic
9,58,255,256,1,sporadic
9,183,220,256,1,sporadic
22,57,255,256,1,sporadic
76,114,248,258,0,sporadic
101,178,219,258,1,"B:Ramanujan(m,n)"
129,172,215,258,0,"A:(3,4,5,6)-multiple"
65,127,248,260,1,sporadic
91,182,221,260,0,"B:Ramanujan(m,n)"
29,174,232,261,0,sporadic
60,162,237,261,0,sporadic
78,165,234,261,0,sporadic
99,135,243,261,0,sporadic
114,144,237,261,0,sporadic
19,93,258,262,1,sporadic
10,152,246,264,0,sporadic
63,129,252,264,0,sporadic
75,93,258,264,0,sporadic
96,138,246,264,0,sporadic
132,176,220,264,0,"A:(3,4,5,6)-multiple"
145,170,220,265,0,sporadic
42,140,252,266,0,sporadic
49,80,263,266,1,sporadic
51,120,258,267,0,sporadic
88,204,216,268,0,sporadic
172,190,194,268,0,"B:Ramanujan(m,n)"
66,117,260,269,1,sporadic
152,158,229,269,1,sporadic
23,102,265,270,1,sporadic
30,180,240,270,0,sporadic
60,95,265,270,0,sporadic
75,114,261,270,0,sporadic
135,180,225,270,0,"A:(3,4,5,6)-multiple"
174,177,207,270,0,"B:Ramanujan(m,n)"
88,146,256,274,0,sporadic
44,187,242,275,0,sporadic
158,171,228,275,1,sporadic
18,216,222,276,0,"B:Ramanujan(m,n)"
138,184,230,276,0,"A:(3,4,5,6)-multiple"
144,152,244,276,0,sporadic
162,180,222,276,0,"B:Ramanujan(m,n)"
188,192,198,278,0,sporadic
31,186,248,279,0,sporadic
71,150,262,279,1,sporadic
96,162,255,279,0,sporadic
138,200,223,279,1,sporadic
28,216,228,280,0,"B:Ramanujan(m,n)"
98,196,238,280,0,"B:Ramanujan(m,n)"
180,190,210,280,0,"B:Ramanujan(m,n)"
50,172,257,281,1,sporadic
81,202,239,282,1,"B:Ramanujan(m,n)"
141,188,235,282,0,"A:(3,4,5,6)-multiple"
144,170,244,282,0,sporadic
56,92,280,284,0,sporadic
62,128,274,284,0,sporadic
113,116,271,284,1,sporadic
45,150,270,285,0,sporadic
14,119,280,287,0,sporadic
42,224,231,287,0,sporadic
95,196,248,287,1,sporadic
2,142,276,288,0,sporadic
32,192,256,288,0,sporadic
57,159,270,288,0,sporadic
71,177,262,288,1,sporadic
136,156,260,288,0,sporadic
144,192,240,288,0,"A:(3,4,5,6)-multiple"
57,126,280,289,1,sporadic
24,162,272,290,0,sporadic
75,210,245,290,0,"B:Ramanujan(m,n)"
110,150,270,290,0,sporadic
179,188,229,290,1,"B:Ramanujan(m,n)"
135,207,237,291,0,sporadic
58,201,255,292,1,sporadic
106,227,229,292,1,sporadic
183,201,220,292,1,sporadic
8,229,236,293,1,sporadic
14,189,264,293,1,sporadic
44,150,280,294,0,sporadic
147,196,245,294,0,"A:(3,4,5,6)-multiple"
159,214,228,295,1,sporadic
33,198,264,297,0,sporadic
47,75,295,297,1,sporadic
15,64,297,298,1,sporadic
48,204,264,300,0,sporadic
105,210,255,300,0,"B:Ramanujan(m,n)"
142,146,276,300,0,sporadic
150,200,250,300,0,"A:(3,4,5,6)-multiple"
152,172,264,300,0,sporadic
17,191,274,302,1,sporadic
23,81,300,302,1,sporadic
55,113,296,302,1,sporadic
92,94,296,302,0,sporadic
145,179,267,303,1,sporadic
151,162,272,303,1,sporadic
48,160,288,304,0,sporadic
124,132,288,304,0,sporadic
53,153,291,305,1,sporadic
34,204,272,306,0,sporadic
153,204,255,306,0,"A:(3,4,5,6)-multiple"
27,64,306,307,1,sporadic
112,161,287,308,0,sporadic
198,209,231,308,0,"B:Ramanujan(m,n)"
7,119,303,309,1,sporadic
36,93,306,309,0,sporadic
50,184,285,309,1,sporadic
93,242,244,309,1,sporadic
102,194,279,311,1,sporadic
130,174,284,312,0,sporadic
156,208,260,312,0,"A:(3,4,5,6)-multiple"
35,210,280,315,0,sporadic
99,210,276,315,0,sporadic
15,213,281,317,1,sporadic
162,173,282,317,1,sporadic
6,242,262,318,0,sporadic
159,212,265,318,0,"A:(3,4,5,6)-multiple"
174,204,264,318,0,sporadic
121,165,297,319,0,sporadic
112,224,272,320,0,"B:Ramanujan(m,n)"
138,246,248,320,0,sporadic
73,120,314,321,1,sporadic
105,196,290,321,1,sporadic
21,252,259,322,0,"B:Ramanujan(m,n)"
189,210,259,322,0,"B:Ramanujan(m,n)"
51,170,306,323,0,sporadic
152,219,270,323,1,sporadic
36,216,288,324,0,sporadic
39,153,312,324,0,sporadic
41,114,319,324,1,sporadic
45,246,267,324,0,"B:Ramanujan(m,n)"
72,114,318,324,0,sporadic
100,192,296,324,0,sporadic
102,227,277,324,1,sporadic
118,186,296,324,0,sporadic
162,216,270,324,0,"A:(3,4,5,6)-multiple"
173,214,267,324,1,"B:Ramanujan(m,n)"
52,221,286,325,0,sporadic
107,230,277,326,1,"B:Ramanujan(m,n)"
31,248,270,327,1,sporadic
44,199,300,327,1,sporadic
135,164,304,327,1,sporadic
16,136,320,328,0,sporadic
48,256,264,328,0,sporadic
76,240,276,328,0,"B:Ramanujan(m,n)"
138,198,292,328,0,sporadic
87,225,288,330,0,sporadic
144,227,277,330,1,sporadic
165,220,275,330,0,"A:(3,4,5,6)-multiple"
88,222,291,331,1,sporadic
185,218,271,332,1,"B:Ramanujan(m,n)"
37,222,296,333,0,sporadic
48,141,324,333,0,sporadic
24,172,318,334,0,sporadic
42,181,315,334,1,sporadic
110,255,270,335,0,sporadic
183,192,290,335,1,sporadic
40,203,309,336,1,sporadic
112,212,300,336,0,sporadic
168,224,280,336,0,"A:(3,4,5,6)-multiple"
216,228,252,336,0,"B:Ramanujan(m,n)"
150,222,291,339,0,sporadic
3,214,309,340,1,sporadic
119,238,289,340,0,"B:Ramanujan(m,n)"
192,214,282,340,0,sporadic
200,244,256,340,0,sporadic
38,228,304,342,0,sporadic
54,180,324,342,0,sporadic
108,160,326,342,0,sporadic
171,228,285,342,0,"A:(3,4,5,6)-multiple"
214,216,272,342,0,sporadic
2,270,276,344,0,"B:Ramanujan(m,n)"
192,249,263,344,1,sporadic
9,102,342,345,0,sporadic
180,190,305,345,0,sporadic
5,232,307,346,1,sporadic
69,258,291,348,0,"B:Ramanujan(m,n)"
80,216,316,348,0,sporadic
90,252,294,348,0,"B:Ramanujan(m,n)"
94,194,324,348,0,sporadic
104,220,312,348,0,sporadic
132,180,324,348,0,sporadic
152,192,316,348,0,sporadic
174,232,290,348,0,"A:(3,4,5,6)-multiple"
48,268,285,349,1,sporadic
35,270,285,350,0,"B:Ramanujan(m,n)"
36,147,341,350,1,sporadic
56,238,308,350,0,sporadic
39,234,312,351,0,sporadic
174,247,284,351,1,sporadic
50,184,334,352,0,sporadic
84,172,336,352,0,sporadic
100,124,344,352,0,sporadic
127,204,321,352,1,sporadic
128,184,328,352,0,sporadic
158,241,295,352,1,sporadic
27,232,317,354,1,sporadic
96,274,284,354,0,sporadic
100,213,323,354,1,sporadic
177,236,295,354,0,"A:(3,4,5,6)-multiple"
12,238,315,355,1,sporadic
70,115,350,355,0,sporadic
68,160,344,356,0,sporadic
96,266,294,356,0,sporadic
106,185,335,356,1,sporadic
174,239,297,356,1,sporadic
227,230,277,356,1,"B:Ramanujan(m,n)"
34,114,354,358,0,sporadic
27,165,348,360,0,sporadic
40,240,320,360,0,sporadic
100,152,348,360,0,sporadic
126,252,306,360,0,"B:Ramanujan(m,n)"
170,195,325,360,0,sporadic
180,240,300,360,0,"A:(3,4,5,6)-multiple"
232,236,276,360,0,"B:Ramanujan(m,n)"
57,190,342,361,0,sporadic
118,225,324,361,1,sporadic
20,151,353,362,1,sporadic
216,218,300,362,0,sporadic
95,229,327,363,1,sporadic
147,252,306,363,0,sporadic
40,273,303,364,1,sporadic
234,247,273,364,0,"B:Ramanujan(m,n)"
107,209,337,365,1,sporadic
57,276,303,366,0,"B:Ramanujan(m,n)"
183,244,305,366,0,"A:(3,4,5,6)-multiple"
24,288,296,368,0,"B:Ramanujan(m,n)"
116,271,305,368,1,sporadic
134,151,353,368,1,sporadic
216,240,296,368,0,"B:Ramanujan(m,n)"
18,153,360,369,0,sporadic
41,246,328,369,0,sporadic
54,288,297,369,0,sporadic
121,122,360,369,1,sporadic
132,153,354,369,0,sporadic
186,236,313,369,1,sporadic
114,136,360,370,0,sporadic
136,226,332,370,0,sporadic
203,238,308,371,0,sporadic
10,261,323,372,1,sporadic
36,242,334,372,0,sporadic
99,200,349,372,1,sporadic
128,216,340,372,0,sporadic
186,248,310,372,0,"A:(3,4,5,6)-multiple"
40,141,366,373,1,sporadic
72,257,327,374,1,sporadic
116,262,320,374,0,sporadic
60,255,330,375,0,sporadic
190,215,330,375,0,sporadic
230,244,298,376,0,"B:Ramanujan(m,n)"
143,195,351,377,0,sporadic
3,245,340,378,1,sporadic
42,92,376,378,0,sporadic
42,252,336,378,0,sporadic
69,282,315,378,0,"B:Ramanujan(m,n)"
84,133,371,378,0,sporadic
119,268,321,378,1,"B:Ramanujan(m,n)"
189,252,315,378,0,"A:(3,4,5,6)-multiple"
123,276,316,379,1,sporadic
60,200,360,380,0,sporadic
112,266,326,380,0,sporadic
133,266,323,380,0,"B:Ramanujan(m,n)"
155,165,360,380,0,sporadic
39,195,363,381,0,sporadic
242,262,285,381,1,sporadic
20,109,379,382,1,sporadic
78,292,312,382,0,sporadic
160,191,356,383,1,sporadic
68,246,346,384,0,sporadic
76,212,360,384,0,sporadic
99,236,349,384,1,sporadic
173,232,339,384,1,sporadic
185,207,346,384,1,sporadic
192,256,320,384,0,"A:(3,4,5,6)-multiple"
168,268,321,385,1,sporadic
50,136,380,386,0,sporadic
71,81,384,386,1,sporadic
43,258,344,387,0,sporadic
114,171,372,387,0,sporadic
87,297,316,388,1,sporadic
138,145,375,388,1,sporadic
180,276,316,388,0,sporadic
141,272,330,389,1,sporadic
195,260,325,390,0,"A:(3,4,5,6)-multiple"
24,159,382,391,1,sporadic
87,150,382,391,1,sporadic
17,175,380,392,1,sporadic
252,266,294,392,0,"B:Ramanujan(m,n)"
79,245,357,393,1,sporadic
106,116,388,394,0,sporadic
135,177,376,394,1,sporadic
147,232,357,394,1,sporadic
54,152,387,395,1,sporadic
15,228,369,396,0,sporadic
24,197,379,396,1,sporadic
44,264,352,396,0,sporadic
54,92,394,396,0,sporadic
94,149,387,396,1,sporadic
144,207,369,396,0,sporadic
146,270,340,396,0,sporadic
198,264,330,396,0,"A:(3,4,5,6)-multiple"
240,271,305,396,1,sporadic
12,254,360,398,0,sporadic
63,210,378,399,0,sporadic
38,295,337,400,1,sporadic
64,272,352,400,0,sporadic
114,261,355,400,1,sporadic
140,280,340,400,0,"B:Ramanujan(m,n)"
90,106,398,402,0,sporadic
132,306,324,402,0,sporadic
154,251,357,402,1,sporadic
201,268,335,402,0,"A:(3,4,5,6)-multiple"
258,285,291,402,0,"B:Ramanujan(m,n)"
152,282,342,404,0,sporadic
170,276,342,404,0,"B:Ramanujan(m,n)"
45,270,360,405,0,sporadic
125,240,370,405,0,sporadic
105,294,343,406,0,"B:Ramanujan(m,n)"
154,210,378,406,0,sporadic
162,294,334,406,0,sporadic
177,276,343,406,1,"B:Ramanujan(m,n)"
178,295,329,406,1,sporadic
32,310,335,407,1,sporadic
64,107,405,408,1,sporadic
123,197,388,408,1,sporadic
149,256,363,408,1,sporadic
180,197,379,408,1,sporadic
204,272,340,408,0,"A:(3,4,5,6)-multiple"
20,170,400,410,0,sporadic
60,320,330,410,0,sporadic
95,300,345,410,0,"B:Ramanujan(m,n)"
108,267,365,410,1,sporadic
216,284,330,410,0,sporadic
80,219,388,411,1,sporadic
132,219,384,411,0,sporadic
10,326,328,412,0,"B:Ramanujan(m,n)"
48,124,408,412,0,sporadic
70,154,404,412,0,sporadic
171,282,349,412,1,"B:Ramanujan(m,n)"
27,324,333,414,0,"B:Ramanujan(m,n)"
46,276,368,414,0,sporadic
207,276,345,414,0,"A:(3,4,5,6)-multiple"
216,228,366,414,0,sporadic
243,270,333,414,0,"B:Ramanujan(m,n)"
88,95,412,415,1,sporadic
18,137,412,417,1,sporadic
169,234,380,417,1,sporadic
282,288,297,417,0,sporadic
66,220,396,418,0,sporadic
114,292,360,418,0,sporadic
226,292,332,418,0,sporadic
107,292,362,419,1,sporadic
235,236,362,419,1,sporadic
42,324,342,420,0,"B:Ramanujan(m,n)"
84,166,410,420,0,sporadic
132,280,368,420,0,sporadic
140,265,375,420,0,sporadic
147,294,357,420,0,"B:Ramanujan(m,n)"
210,280,350,420,0,"A:(3,4,5,6)-multiple"
270,285,315,420,0,"B:Ramanujan(m,n)"
144,179,405,422,1,sporadic
47,282,376,423,0,sporadic
138,178,407,423,1,sporadic
216,255,366,423,0,sporadic
232,272,352,424,0,sporadic
22,320,353,425,1,sporadic
68,289,374,425,0,sporadic
178,188,401,425,1,sporadic
250,305,320,425,0,sporadic
84,138,420,426,0,sporadic
93,192,411,426,0,sporadic
112,122,420,426,0,sporadic
149,166,411,426,1,sporadic
160,243,389,426,1,sporadic
213,284,355,426,0,"A:(3,4,5,6)-multiple"
32,102,426,428,0,sporadic
116,314,358,428,0,sporadic
191,290,361,428,1,"B:Ramanujan(m,n)"
276,303,313,430,1,"B:Ramanujan(m,n)"
135,188,414,431,1,sporadic
200,239,388,431,1,sporadic
3,213,414,432,0,sporadic
48,288,384,432,0,sporadic
52,204,416,432,0,sporadic
60,328,356,432,0,"B:Ramanujan(m,n)"
96,152,424,432,0,sporadic
204,234,390,432,0,sporadic
213,323,334,432,1,sporadic
216,288,360,432,0,"A:(3,4,5,6)-multiple"
219,269,370,432,1,sporadic
92,252,402,434,0,sporadic
36,243,408,435,0,sporadic
73,123,431,435,1,sporadic
100,270,395,435,0,sporadic
130,275,390,435,0,sporadic
165,225,405,435,0,sporadic
190,240,395,435,0,sporadic
18,193,423,436,1,sporadic
186,310,360,436,0,sporadic
280,302,322,436,0,"B:Ramanujan(m,n)"
69,230,414,437,0,sporadic
104,150,429,437,1,sporadic
100,134,432,438,0,sporadic
102,304,380,438,0,sporadic
131,261,400,438,1,sporadic
134,334,354,438,0,sporadic
216,326,340,438,0,sporadic
219,292,365,438,0,"A:(3,4,5,6)-multiple"
105,215,420,440,0,sporadic
107,306,381,440,1,sporadic
116,300,384,440,0,sporadic
125,155,430,440,0,sporadic
154,308,374,440,0,"B:Ramanujan(m,n)"
160,230,410,440,0,sporadic
49,294,392,441,0,sporadic
66,225,420,441,0,sporadic
64,188,432,444,0,sporadic
222,296,370,444,0,"A:(3,4,5,6)-multiple"
85,200,430,445,0,sporadic
202,261,396,445,1,sporadic
215,218,409,446,1,sporadic
127,188,432,447,1,sporadic
138,239,418,447,1,sporadic
288,304,336,448,0,"B:Ramanujan(m,n)"
50,300,400,450,0,sporadic
62,190,438,450,0,sporadic
72,306,396,450,0,sporadic
125,190,435,450,0,sporadic
213,219,414,450,0,sporadic
225,300,375,450,0,"A:(3,4,5,6)-multiple"
228,258,396,450,0,sporadic
290,295,345,450,0,"B:Ramanujan(m,n)"
22,187,440,451,0,sporadic
66,352,363,451,0,sporadic
200,296,388,452,0,sporadic
5,216,436,453,1,sporadic
26,312,397,453,1,sporadic
72,157,446,453,1,sporadic
138,141,444,453,0,sporadic
234,260,397,453,1,sporadic
58,75,453,454,1,sporadic
69,328,387,454,1,sporadic
283,294,357,454,1,"B:Ramanujan(m,n)"
36,334,386,456,0,sporadic
72,240,432,456,0,sporadic
186,198,432,456,0,sporadic
228,304,380,456,0,"A:(3,4,5,6)-multiple"
19,362,365,458,1,"B:Ramanujan(m,n)"
152,330,384,458,0,sporadic
204,314,384,458,0,sporadic
30,266,427,459,1,sporadic
51,306,408,459,0,sporadic
97,333,389,459,1,sporadic
160,326,387,459,1,sporadic
12,136,456,460,0,sporadic
30,360,370,460,0,"B:Ramanujan(m,n)"
123,136,453,460,1,sporadic
161,322,391,460,0,"B:Ramanujan(m,n)"
270,300,370,460,0,"B:Ramanujan(m,n)"
5,86,460,461,1,sporadic
112,204,446,462,0,sporadic
196,272,414,462,0,sporadic
206,280,408,462,0,sporadic
231,308,385,462,0,"A:(3,4,5,6)-multiple"
92,344,388,464,0,"B:Ramanujan(m,n)"
120,336,392,464,0,"B:Ramanujan(m,n)"
131,212,445,464,1,sporadic
170,214,440,464,0,sporadic
176,240,432,464,0,sporadic
49,122,462,465,1,sporadic
142,362,369,465,1,sporadic
160,270,425,465,0,sporadic
60,342,395,467,1,sporadic
52,312,416,468,0,sporadic
195,261,426,468,0,sporadic
234,312,390,468,0,"A:(3,4,5,6)-multiple"
246,250,416,468,0,sporadic
154,357,378,469,0,sporadic
108,326,408,470,0,sporadic
156,344,390,470,0,sporadic
192,326,396,470,0,sporadic
100,242,447,471,1,sporadic
191,354,376,471,1,sporadic
97,320,415,472,1,sporadic
111,148,465,472,1,sporadic
237,316,395,474,0,"A:(3,4,5,6)-multiple"
75,250,450,475,0,sporadic
76,323,418,475,0,sporadic
85,353,397,475,1,sporadic
115,366,384,475,1,sporadic
89,231,456,476,1,sporadic
294,314,372,476,0,sporadic
306,323,357,476,0,"B:Ramanujan(m,n)"
9,363,393,477,0,sporadic
53,318,424,477,0,sporadic
219,223,443,477,1,sporadic
261,306,396,477,0,sporadic
30,228,460,478,0,sporadic
46,356,400,478,0,sporadic
51,82,477,478,1,sporadic
64,75,477,478,1,sporadic
47,350,406,479,1,sporadic
109,293,437,479,1,sporadic
256,311,398,479,1,sporadic
36,220,464,480,0,sporadic
51,232,461,480,1,sporadic
95,265,450,480,0,sporadic
139,309,428,480,1,sporadic
168,336,408,480,0,"B:Ramanujan(m,n)"
207,369,372,480,0,sporadic
233,279,424,480,1,sporadic
240,320,400,480,0,"A:(3,4,5,6)-multiple"
191,332,409,482,1,"B:Ramanujan(m,n)"
226,248,440,482,0,sporadic
252,266,427,483,0,sporadic
109,170,475,484,1,sporadic
176,253,451,484,0,sporadic
196,336,408,484,0,sporadic
179,267,447,485,1,sporadic
225,345,395,485,0,sporadic
54,324,432,486,0,sporadic
108,171,477,486,0,sporadic
150,288,444,486,0,sporadic
177,279,444,486,0,sporadic
243,324,405,486,0,"A:(3,4,5,6)-multiple"
54,183,478,487,1,sporadic
20,89,487,488,1,sporadic
76,368,404,488,0,"B:Ramanujan(m,n)"
146,348,414,488,0,"B:Ramanujan(m,n)"
193,276,446,489,1,sporadic
268,362,369,489,1,sporadic
49,378,399,490,0,"B:Ramanujan(m,n)"
75,366,410,491,1,sporadic
24,204,480,492,0,sporadic
48,85,491,492,1,sporadic
72,384,396,492,0,sporadic
113,264,463,492,1,sporadic
114,360,414,492,0,"B:Ramanujan(m,n)"
149,336,427,492,1,sporadic
176,204,472,492,0,sporadic
190,279,449,492,1,sporadic
207,297,438,492,0,sporadic
226,332,414,492,0,"B:Ramanujan(m,n)"
243,358,389,492,1,sporadic
246,328,410,492,0,"A:(3,4,5,6)-multiple"
281,322,399,492,1,"B:Ramanujan(m,n)"
18,349,426,493,1,sporadic
118,160,485,493,1,sporadic
187,255,459,493,0,sporadic
78,260,468,494,0,sporadic
260,369,375,494,1,sporadic
55,330,440,495,0,sporadic
254,327,412,495,1,sporadic
57,82,495,496,1,sporadic
98,161,490,497,0,sporadic
8,114,496,498,0,sporadic
249,332,415,498,0,"A:(3,4,5,6)-multiple"
315,322,389,498,1,"B:Ramanujan(m,n)"
123,168,490,499,1,sporadic
42,329,447,500,1,sporadic
80,340,440,500,0,sporadic
82,119,497,500,1,sporadic
175,350,425,500,0,"B:Ramanujan(m,n)"
